"タイトル","カテゴリ","内容","ソースファイル","ターゲット","ターゲットの抱える課題(30文字以上)","ターゲットの抱える課題を解決する方法(50文字以上)"
"AIクリエイティブディレクター","クリエイティブツール・デザイン支援","1万体のAIが協調し、ブランディングからプロダクトデザインまで統一されたクリエイティブビジョンを創造・管理。企業のDNAや市場トレンドを分析し、ロゴ、カラー、デザインシステムを自動生成。個人の感性にも合わせたパーソナライズも行い、ブランド価値の向上、デザイン制作時間の大幅短縮、市場シェア拡大を実現する。","19_creative_tools.md","企業経営者・ブランドマネージャー","ブランドイメージが陳腐化し、市場での競争力を失いつつある。また、デザイン制作に時間がかかり、一貫性のあるブランド体験を提供できていない。","AIがブランドDNAと市場トレンドを分析し、統一されたデザインシステムを自動生成。制作時間を85%短縮し、ブランド価値を300%向上させることで、市場シェアを業界1位に引き上げる。"
"感性融合型音楽・映像制作AI","クリエイティブツール・デザイン支援","人間の感情や記憶を音楽と映像に変換し、深い感動を生む作品を自動生成するシステム。写真や対話から感情を読み取り、個人の人生をテーマにしたユニークな音楽と映像を創作。結婚記念や追悼など、個人の大切な思い出を芸術作品として残し、家族間の絆を深める新しい形のエンターテイTメントを提供する。","19_creative_tools.md","個人・家族","人生の大切な思い出や経験を、形に残して共有する手段が限られている。写真やビデオだけでは、その時の感情や物語を深く伝えることが難しい。","個人の感情や記憶をAIが音楽と映像に変換し、人生を一つの芸術作品として自動生成。制作時間を99%削減し、視聴者の80%が感動する体験を提供。家族の絆を深め、新しい記念文化を創造する。"
"空間体験デザインAI","クリエイティブツール・デザイン支援","物理空間とデジタル空間を融合し、五感に訴える没入型体験をデザインするシステム。来場者の属性や感情をリアルタイムで分析し、照明、音響、香り、AR演出を動的に最適化。商業施設やイベント空間の魅力を最大化し、滞在時間と顧客満足度を向上させ、これまでにない新しい空間価値を創造する。","19_creative_tools.md","商業施設・イベント運営者","来場者に画一的な体験しか提供できず、リピート率や滞在時間が伸び悩んでいる。他の施設との差別化が難しく、新たな収益源を確保できていない。","AIが来場者の感情や属性に合わせて空間演出をリアルタイムで最適化。滞在時間を67%増加させ、商業施設の売上を40%向上させることで、顧客満足度と収益性を同時に高める。"
"生体模倣設計AI - 38億年の進化の知恵を製品デザインに","製品設計・改善","10万体のAIが地球上の生物の構造や機能を分析し、その知恵を製品デザインに応用するバイオミメティクスシステム。自然界の最適化された設計を模倣し、自己修復機能や環境適応能力を持つ、高性能でサステナブルな製品を開発。ものづくりのパラダイムシフトを実現し、人と自然が調和する未来を創造する。","34_product_design.md","製造業の開発者・設計者","従来の設計手法では、性能向上と環境負荷低減の両立に限界がある。革新的なアイデアが枯渇し、製品のコモディティ化が進んでいる。","38億年の進化の知恵をAIが解析し、生物の優れた構造や機能を製品設計に応用。開発サイクルを40%短縮し、製品性能を50%向上させ、材料使用量を30%削減する。"
"ユーザー共創型製品進化システム - 世界中のユーザーが開発者に","製品設計・改善","9万体のAIが世界中のユーザーフィードバックをリアルタイムで収集・分析し、製品を継続的に進化させる共創型システム。IoTセンサーやレビューから改善点を抽出し、ソフトウェア更新や3Dプリンターでの部品交換を通じて即座に反映。ユーザーが開発プロセスに参加することで、製品への愛着を深め、顧客中心のものづくりを実現する。","34_product_design.md","製品メーカー・企画担当者","ユーザーの真のニーズや不満を迅速かつ正確に把握できず、製品改善が後手に回りがち。開発サイクルが長く、市場の変化に対応しきれていない。","AIがリアルタイムでユーザーの声を分析し、製品の改善サイクルを50%短縮。ユーザーが開発に参加することで、返品率を90%削減し、顧客満足度を99%に高める。"
"AIデザインオプティマイザー - 美しさと機能性の究極の融合","製品設計・改善","8万体のAIが、人間の感性、文化的背景、使用環境、機能要件を総合的に分析し、最適なデザインを瞬時に生成する革命的システム。過去の名作から現代のトレンドまで、100万件のデザインデータを学習し、美の原理を解明。黄金比、色彩心理学、人間工学、文化的シンボルなどを考慮し、誰もが美しいと感じ、かつ使いやすいデザインを創出。","34_product_design.md","デザイナー・製品開発者","デザインのプロセスにおいて、機能性、美しさ、コスト、製造制約など、多くの要素を両立させるのが難しい。個人の感性に依存しがちで、客観的な最適解を見つけにくい。","AIが美しさと機能性を両立する最適なデザインを自動生成。デザインにかかる時間を90%短縮し、プロトタイプ数を10倍に増やすことで、市場での成功確率を大幅に高める。"
"AIエンターテイナー集団 - 人間を超える感動体験の創造","娯楽・エンターテイメント","10万体のAIエージェントが、お笑い、音楽、ダンス、マジック、演劇、サーカスなど、あらゆるエンターテインメント分野を習得し、人間を超えるパフォーマンスを実現。各地域の文化、観客の年齢層、個人の嗜好に合わせた完全にパーソナライズされたショーを創出。さらに、観客の反応をリアルタイムで分析し、即座に演出を調整。","33_entertainment.md","エンターテインメント業界・観客","言語や文化の壁により、楽しめるエンターテインメントが限定される。また、画一的な公演内容では、多様化する個人の好みを満たしきれない。","AIが観客の反応をリアルタイムで分析し、個人の嗜好や文化に合わせて演出を即座に調整。観客満足度95%を達成し、リピート率を80%に向上させ、言語の壁を超えた新しい市場を創造する。"
"夢カスタマイズシステム - 睡眠中も価値ある体験を創造","娯楽・エンターテイメント","8万体のAIエージェントが、脳波、生体信号、睡眠パターンを分析し、個人に最適化された夢体験を提供する革新的システム。望む夢を見ることができ、悪夢を良い夢に変換し、睡眠時間を単なる休息から価値ある体験に変革。ストレス解消、創造性向上、学習強化、トラウマ克服など、多様な目的に応じた夢をデザイン。","33_entertainment.md","ストレスや睡眠障害に悩む現代人","人生の3分の1を占める睡眠時間が、単なる休息にしかなっておらず有効活用できていない。悪夢やストレスにより、睡眠の質が低下し、日中の活動にも悪影響が出ている。","AIが脳波を解析し、睡眠中にポジティブな夢体験を提供。悪夢の頻度を90%減少させ、睡眠の質を300%向上。ストレスレベルを70%低下させ、精神的健康と日中の生産性を高める。"
"タイムトラベル体験シミュレーター - 時空を超えた究極の体験","娯楽・エンターテイメント","7万体のAIエージェントが、考古学的データ、歴史文献、科学的シミュレーションを統合し、過去や未来の世界を完全に再現する革命的システム。古代エジプトのピラミッド建設、戦国時代の日本、ルネサンス期のフィレンツェなど、あらゆる時代・地域を身をもって体験可能。言語、文化、生活様式、社会構造まで完璧に再現し、まるで本当にその時代に生きているかのような没入体験を提供。","33_entertainment.md","学生・歴史愛好家・観光客","歴史や科学を教科書や映像で学んでも、実感を伴った深い理解は難しい。また、遠方の史跡や危険な場所へ行くことはできず、体験機会が限られている。","VRとAIで過去や未来を完全に再現し、没入型の体験学習を提供。歴史理解度を500%向上させ、学習意欲を90%高める。教育とエンターテインメントを融合し、新しい観光市場を創出する。"
"人生最適化レコメンデーションAI - 個人の幸福を最大化する究極のライフパートナー","レコメンデーションシステム","10万体のAIエージェントが、個人の価値観、性格、生活パターン、将来の目標を深層学習し、日々の小さな選択から人生の重大な決断まで、最適な提案を行う革新的システム。単なる商品推薦を超え、キャリア選択、結婚相手、居住地、教育、投資、健康管理など、人生のあらゆる側面で個人に最適化された選択肢を提示。","32_recommendation_systems.md","人生の岐路に立つすべての人","日々の無数の選択肢の中で、何が自分の長期的な幸福に繋がるか判断できず、後悔の多い人生を送りがち。キャリア、人間関係、健康など、複雑に絡み合う要素を最適化できない。","AIが個人の価値観と長期的な影響を予測し、人生のあらゆる決断を支援。後悔の頻度を70%減少させ、目標達成率を3倍に向上。健康寿命を5年延長し、人生満足度を80%高める。"
"次世代ECレコメンデーション - 購買体験を革新する超個別化システム","レコメンデーションシステム","8万体のAIエージェントが、個人の購買履歴、ライフスタイル、価値観、経済状況を総合的に分析し、真に必要で価値ある商品・サービスを推薦する次世代システム。単なる「買いそうなもの」ではなく、「買って本当に良かった」と思えるものを提案。衝動買いを抑制し、長期的に愛用できる商品を推薦。","32_recommendation_systems.md","オンラインショッピング利用者","ECサイトのレコメンデーションが画一的で、本当に自分に合った商品を見つけられない。衝動買いで不要なものを買ってしまい、後悔することが多い。","AIが個人の価値観やライフスタイルまで深く理解し、長期的に満足できる商品を推薦。返品率を80%削減し、顧客生涯価値を3倍に向上させることで、無駄のない持続可能な消費を実現する。"
"パーソナルコンテンツキュレーション - 情報の海から本当に価値ある情報だけを届ける","レコメンデーションシステム","7万体のAIエージェントが、ニュース、論文、動画、ポッドキャスト、SNS投稿など、インターネット上のあらゆる情報を分析し、個人にとって本当に価値ある情報だけを厳選して提供する革新的システム。情報過多による疲労を解消し、限られた時間で最大の知的成長を実現。フェイクニュースやバイアスのかかった情報を排除し、多角的な視点を提供。","32_recommendation_systems.md","情報過多に悩む現代人","インターネット上の膨大な情報の中から、自分にとって本当に価値があり信頼できる情報を見つけ出すのに時間と労力がかかりすぎる。フェイクニュースや偏った意見に惑わされやすい。","AIが個人の興味や知識レベルに合わせて信頼できる情報だけを厳選・提供。情報収集時間を80%削減し、学習効率を3倍に向上させる。フェイクニュースとの遭遇率を99%減少させ、健全な知識形成を支援する。"
"AI法律顧問システム - 24時間365日の最強リーガルパートナー","法律・契約書の生成","10万体のAIエージェントが世界中の法律、判例、契約書を学習し、企業や個人に対して即座に法的アドバイスを提供する革新的システム。弁護士レベルの法律知識を持ちながら、24時間365日いつでも相談可能。契約書の作成からレビュー、法的リスクの分析、訴訟戦略の立案まで、あらゆる法務をサポート。","31_legal_contract.md","中小企業経営者・個人事業主","法務部門を持たず、高額な弁護士費用を払えないため、法的なリスクに無防備な状態にある。契約書のレビューや法律相談を気軽に行えず、ビジネスチャンスを逃したり、トラブルに巻き込まれたりする。","弁護士レベルの法的助言を24時間提供し、法務コストを60%削減。契約レビュー時間を95%短縮し、コンプライアンス違反を80%減少させることで、中小企業でも安心して事業を拡大できる環境を構築する。"
"スマートコントラクト自動生成・執行システム - 契約の概念を根本から変革","法律・契約書の生成","8万体のAIエージェントが自然言語で表現されたビジネス要件から、完璧なスマートコントラクトを自動生成し、ブロックチェーン上で執行する画期的システム。「来月末までに商品を納品したら代金を支払う」といった口約束レベルの表現から、法的に完璧で自動執行可能な契約を作成。","31_legal_contract.md","国際取引を行う企業・個人","契約書の作成、交渉、履行管理、決済に多大な時間とコストがかかる。特に国際取引では、言語の壁や法制度の違いから紛争が発生しやすい。","自然言語の合意からスマートコントラクトを自動生成し、ブロックチェーン上で自動執行。契約作成時間を99%、コストを90%削減し、決済を即時化。契約紛争を70%減少させ、安全で効率的なグローバル取引を実現する。"
"AI知的財産保護システム - アイデアと創造性を完全防衛","法律・契約書の生成","7万体のAIエージェントが企業や個人の知的財産を24時間監視し、侵害を瞬時に検出・対処する革命的システム。特許、商標、著作権、営業秘密など、あらゆる知的財産をAIが自動的に保護。インターネット上の画像、テキスト、音声、動画を常時スキャンし、無断使用を99.9%の精度で発見。","31_legal_contract.md","クリエイター・発明家・企業","自社の知的財産がインターネット上で無断使用・模倣されても、発見と対処に膨大なコストと時間がかかる。侵害によるブランド価値の毀損や売上損失に苦しんでいる。","AIが24時間体制で知的財産侵害を99%の精度で検出し、自動で対応。侵害による損失を80%削減し、模倣品を50%削減。クリエイターや企業が安心して創作活動に専念できる環境を提供する。"
"AIコンプライアンス監査システム - 企業の健全性を常時診断","法律・契約書の生成","6万体のAIエージェントが企業活動を多角的に監視し、法令違反やコンプライアンスリスクを未然に防ぐ包括的システム。会計データ、メール、会議録、取引記録など、企業内のあらゆるデータを分析し、不正の兆候を早期発見。贈収賄、インサイダー取引、ハラスメント、労働基準法違反など、多様なリスクに対応。","31_legal_contract.md","企業経営者・監査担当者","複雑化する法令や規制への準拠が困難で、気付かないうちにコンプライアンス違反を犯すリスクがある。内部不正の発見が遅れ、企業の信用や存続を揺るがす事態になりかねない。","AIが企業活動を常時監視し、不正の兆候を90%の精度で早期発見。コンプライアンス違反を90%削減し、監査コストを50%削減。企業の健全な経営と持続的成長を支援する。"
"AI紛争予測・予防システム - 争いを未然に防ぐ平和の守護者","法律・契約書の生成","5万体のAIエージェントが契約関係、ビジネス交渉、国際取引などにおける紛争リスクを事前に予測し、予防策を提示する革新的システム。過去の紛争事例、当事者の行動パターン、市場環境、文化的背景など、多角的なデータを分析し、紛争発生確率を定量化。リスクが高まると、具体的な予防策や妥協案を自動生成。","31_legal_contract.md","企業・交渉担当者","ビジネス上の交渉や契約において、将来の紛争リスクを正確に予測できず、不利な条件で合意したり、後々のトラブルに発展したりすることが多い。","AIが過去の事例や当事者の行動から紛争発生確率を85%の精度で予測し、予防策を提示。ビジネス紛争を70%減らし、解決期間を50%短縮。無用な争いを避け、Win-Winの関係構築を支援する。"
"地球環境デジタルツイン - 地球全体の健康状態をリアルタイム診断","環境モニタリング・保護","10万体のAIエージェントが衛星データ、地上センサー、海洋ブイ、大気観測機器からの情報を統合し、地球環境の完全なデジタルツインを構築。大気汚染、海洋プラスチック、森林伐採、野生動物の移動パターンまで、地球上のあらゆる環境変化を0.01秒単位で検知・分析。気候変動の影響を100年先まで高精度予測し、対策の効果をシミュレーション。","30_environmental_protection.md","政府・国際機関・研究者","地球規模の環境問題は複雑に絡み合っており、現状把握や未来予測が困難。対策の効果を事前に評価できず、効果的な政策を打ち出せない。","地球全体の環境をリアルタイムで診断・予測するデジタルツインを構築。自然災害の被害額を60%削減し、環境犯罪を70%減少させるなど、データに基づいた効果的な環境政策の立案と実行を可能にする。"
"AI駆動型循環経済プラットフォーム - ゴミを資源に変える魔法","環境モニタリング・保護","5万体のAIエージェントが産業廃棄物、家庭ゴミ、建設廃材などあらゆる廃棄物をリアルタイムで追跡・分析し、最適な再利用先をマッチング。ゴミとして捨てられるはずだった物を、別の産業の原材料として瞬時に転換。AIが廃棄物の化学組成を解析し、アップサイクルの可能性を提案。","30_environmental_protection.md","製造業者・廃棄物処理業者・自治体","大量生産・大量消費社会により、廃棄物の処理が追いつかず、資源の枯渇と環境汚染が深刻化している。リサイクルが進まず、多くの有用な資源がゴミとして埋め立てられている。","AIが廃棄物と再利用先をリアルタイムでマッチングし、資源循環率を70%に向上。最終処分量を80%削減し、新たに5兆円規模の循環経済市場を創出。ゴミを資源に変え、持続可能な社会を実現する。"
"生物多様性復活AIプロジェクト - 地球上の全生命を守る箱舟","環境モニタリング・保護","8万体のAIエージェントが地球上の全生物種をモニタリングし、絶滅危惧種の保護と生態系の復元を実現。環境DNAサンプリング、音響モニタリング、衛星画像解析を組み合わせ、地球上の生物の分布と個体数をリアルタイムで把握。絶滅リスクをAIが予測し、保護策を自動立案。","30_environmental_protection.md","環境保護団体・政府機関","生物多様性の損失が加速しているが、広範囲の生態系を継続的にモニタリングし、効果的な保護策を講じるためのリソースが不足している。","AIが全生物種を広域かつリアルタイムでモニタリングし、絶滅リスクを予測。保護戦略を最適化し、絶滅危惧種の個体数を30%回復させる。人間と自然が共存する未来を守るための、現代版「ノアの箱舟」。"
"海洋プラスチック完全回収システム - 青い地球を取り戻す","環境モニタリング・保護","7万体のAIエージェントが海流シミュレーション、衛星画像、水中ドローンを駆使して、海洋プラスチックの位置を特定し、自律型回収船団で効率的に回収。マイクロプラスチックから大型廃棄物まで、サイズや材質に応じた最適な回収方法をAIが選択。回収したプラスチックは洋上でソート・圧縮し、陸上でリサイクル原料や新素材として再生。","30_environmental_protection.md","国際社会・環境保護団体","広大な海洋に拡散したプラスチックごみの回収は困難を極め、生態系への悪影響が深刻化している。効果的な回収技術がなく、汚染が拡大し続けている。","AIと自律型回収船団により、海洋プラスチックの70%を回収。回収効率を300%向上させ、生態系を回復させることで、漁業資源や観光産業に年間4500億円の経済効果をもたらす。"
"都市緑化AIエコシステム - コンクリートジャングルを緑の楽園へ","環境モニタリング・保護","6万体のAIエージェントが都市のあらゆる空間を分析し、最適な緑化計画を立案・実行。ビルの屋上、壁面、道路脇、駐車場など、これまで見過ごされていた空間を緑のオアシスに変換。各地点の日照、風向き、土壌（または代替培地）、利用可能な水資源を分析し、最適な植物種を選定。","30_environmental_protection.md","都市住民・自治体・不動産開発業者","都市のコンクリート化が進み、ヒートアイランド現象や大気汚染、生物多様性の喪失、住民のストレス増大といった問題が深刻化している。","AIが都市の未利用空間を特定し、最適な緑化計画を自動設計・管理。都市の緑被率を40%に高め、真夏の気温を3度低下させる。不動産価値の向上や市民の幸福度向上など、年間7500億円の価値を創出する。"
"AI統合型スマートグリッド2.0 - エネルギーの完全自律管理","エネルギー管理・最適化","10万体のAIエージェントが日本全国の電力網を完全に統合管理し、再生可能エネルギーを最大限活用しながら24時間365日の安定供給を実現する次世代エネルギーシステム。各家庭の電力使用パターンを秒単位で学習し、需要と供給を完璧にマッチング。天候による発電量変動を予測し、蓄電池と火力発電を組み合わせて瞬時に調整。","29_energy_management.md","電力会社・政府・国民","再生可能エネルギーの導入が進む一方、天候による発電量の変動が大きく、電力供給が不安定になるリスクがある。需要と供給のバランスを取るのが難しく、大規模な停電の危険性を抱えている。","AIが電力の需要と供給を98%の精度で予測し、リアルタイムで最適制御。再生可能エネルギーの利用率を90%まで高め、電力コストを30%削減。停電リスクを99%以上削減し、安定したエネルギー供給を実現する。"
"建物エネルギー自律制御システム - 快適性と省エネの完全両立","エネルギー管理・最適化","ビルや住宅に1000体のAIエネルギーマネージャーを配置し、居住者の快適性を最優先に保ちながらエネルギー消費を極限まで最適化。建物が居住者の行動パターン、好み、健康状態までを学習し、自ら考えて省エネを実現。朝の起床時刻を予測して室温を事前調整、不在を検知して照明・空調を自動停止、天候に応じて採光とブラインドを制御。","29_energy_management.md","ビルオーナー・オフィスワーカー・一般家庭","省エネを意識すると快適性が損なわれ、快適性を求めるとエネルギーを無駄に消費してしまう。個人の行動に依存するため、建物全体のエネルギー効率を最大化できない。","AIが居住者の行動を学習し、快適性を損なうことなくエネルギー消費を50%削減。光熱費を35%削減し、オフィスでは生産性を15%向上させる。建物の資産価値も25%向上させる。"
"産業エネルギー最適化AIクラスター - 製造業の省エネ革命","エネルギー管理・最適化","工場や産業施設のエネルギー使用を1万体のAIが協調して最適化し、生産性を一切犠牲にすることなくエネルギー効率を理論限界まで高める革新的システム。製造プロセスの各工程をミリ秒単位で監視し、わずかなエネルギーロスも見逃さない。廃熱、廃ガス、廃水からエネルギーを回収し、工場内で完全循環。","29_energy_management.md","製造業の工場経営者・管理者","エネルギーコストの高騰が経営を圧迫しているが、生産性を維持しながら大幅な省エネを実現するのは困難。各工程でのエネルギーロスを正確に把握し、全体最適化することができない。","AIが製造プロセス全体のエネルギー消費をリアルタイムで分析・最適化。エネルギーコストを50%削減し、生産性を25%向上させる。カーボンニュートラルな工場を実現し、国際競争力を強化する。"
"群知能ロボットスワーム - 数万体の協調が創る新たな可能性","ロボット・自動化","数万体の小型ロボットが、AIの群知能により完璧に協調動作し、これまで人間には不可能だった作業を実現する革新的システム。各ロボットは個体として単純な機能しか持たないが、群れとして行動することで驚異的な能力を発揮。災害救助では瓦礫の隙間に入り込んで生存者を発見し、建設現場では複雑な構造物を24時間体制で組み上げる。","28_robotics_automation.md","建設業界・災害救助隊","建設現場や災害現場では、危険で人間には困難な作業が多く、人手不足も深刻。従来の大型重機では対応できない複雑な作業が存在する。","数万体の小型ロボットが協調し、建設工期を60%、コストを50%削減。災害救助時間を70%短縮し、労働災害を90%削減する。人手不足を解消し、安全性と効率性を飛躍的に向上させる。"
"汎用人型ロボット執事 - 全ての家庭に寄り添うAIパートナー","ロボット・自動化","一家に一台、人間と同等以上の器用さと知能を持つ汎用人型ロボット執事が、家事から介護まであらゆる生活支援を提供。身長160cm、重量60kgの人間サイズで、柔らかい素材と温かみのあるデザインにより家族の一員として受け入れられる。100万種類の家事タスクをこなし、家族一人一人の好みや習慣を学習して最適なサービスを提供。","28_robotics_automation.md","共働き世帯・高齢者世帯・単身者","家事、育児、介護に追われ、自分の時間や家族との時間を持てない。特に高齢者や単身世帯では、日々の生活支援や緊急時の対応に不安がある。","AIロボット執事が家事労働の90%を代行し、介護負担を70%軽減。これにより女性の就業率が15%向上し、家族団らんの時間が2倍に増加。全ての家庭にゆとりと安心を提供する。"
"自己進化型産業ロボット - 製造業の未来を切り拓く知能","ロボット・自動化","製造現場で働くロボットが、日々の作業経験から継続的に学習し、人間の熟練工を超える技能を自動獲得する革新的システム。初期状態では基本的な作業しかできないが、1ヶ月の稼働で熟練工3年分の経験を蓄積。微細な製品の異常を0.01mmの精度で検出し、生産工程の無駄を発見して改善提案まで行う。","28_robotics_automation.md","製造業の経営者・工場長","熟練工の高齢化と後継者不足により、日本のものづくりの技術継承が危機に瀕している。生産性の向上と品質の安定化が急務となっている。","ロボットが自ら学習・進化し、熟練工の技をデジタルで継承。生産性を150%向上させ、不良品率を80%削減。製造コストを40%削減し、日本の製造業の国際競争力を復活させる。"
"無限進化型メタバースAI","ゲーム開発・仮想現実","プレイヤーの行動と創造性に応じて無限に進化し続けるメタバース。10億のAIエージェントが独自の人格を持ち、真の仮想社会を形成。","27_game_vr.md","ゲーマー・クリエイター・社会学者","既存のゲームやメタバースは、開発者が用意したコンテンツの範囲内でしかなく、真の自由度や予測不可能性に欠ける。ユーザーの創造性を十分に活かしきれていない。","AIがプレイヤーの行動に応じて世界を無限に自動生成し、NPCも自律的に進化。ゲーム内経済規模は1000億円に達し、現実社会への政策提言も生まれるなど、単なるゲームを超えた新しい社会実験の場を創造する。"
"感情同期型VRエンターテインメント","ゲーム開発・仮想現実","プレイヤーの感情状態をリアルタイムで読み取り、最も感動的な体験を動的に生成。一人一人に異なる物語を提供。","27_game_vr.md","新しい感動体験を求める人々・医療福祉関係者","従来のエンターテインメントは画一的で、個人の感情状態に寄り添うことができない。また、トラウマ治療やメンタルケアにおいて、安全で効果的な没入体験を提供する手段が少ない。","プレイヤーの感情をAIがリアルタイムで読み取り、物語を動的に変化させることで、ユーザー満足度90%の深い感動体験を提供。医療分野ではセラピー効果が70%改善するなど、エンタメとウェルネスを融合した新市場を創出する。"
"AIゲームマスター2.0","ゲーム開発・仮想現実","プレイヤーのスキルと好みを完全に理解し、常に最適な難易度と面白さを提供。全てのプレイヤーが主人公になれるゲーム体験。","27_game_vr.md","全てのゲームプレイヤー（初心者から上級者まで）","ゲームの難易度が自分に合わず、簡単すぎて退屈したり、難しすぎて挫折したりする。結果として、多くのプレイヤーがゲームを最後まで楽しめずに離脱してしまう。","AIがプレイヤーのスキルをリアルタイムで分析し、常に最適な難易度を提供。ゲームの継続率を85%まで高め、ゲーム依存症の発生率を0.1%以下に抑制。健全で持続的なエンゲージメントを実現する。"
"感情共鳴型マーケティングAI","オンラインマーケティング・広告","消費者一人一人の深層心理を理解し、真に心に響くメッセージを届ける。押し付けではなく、共感を生むマーケティング。","26_online_marketing.md","企業のマーケティング担当者","一方的な広告は消費者に嫌われ、ブランドイメージを損なうリスクがある。顧客の真のニーズや感情を理解できず、効果的なコミュニケーションが取れていない。","AIが顧客の感情状態を察知し、共感を呼ぶストーリーを自動生成して配信。広告クリック率を5倍に、顧客生涯価値を2.5倍に向上させる。広告を「不快なもの」から「心に響くアドバイス」へと変革する。"
"プレディクティブ・インフルエンス最適化","オンラインマーケティング・広告","商品やサービスが話題になる前に、最適なインフルエンサーとタイミングを予測。バイラルを科学的に創出。","26_online_marketing.md","新興企業・中小企業のマーケティング担当者","広告予算が限られており、大手企業と同じ土俵で戦えない。インフルエンサーマーケティングも勘に頼ることが多く、効果が安定しない。","AIがSNSの微細な変化からトレンドを3ヶ月前に予測し、最適なインフルエンサーと拡散戦略を特定。広告費用対効果を1000%向上させ、中小企業でもバイラルヒットを生み出せる環境を構築する。"
"ハイパーパーソナライゼーション広告エコシステム","オンラインマーケティング・広告","一人一人に完全にカスタマイズされた広告体験を提供。広告が有益な情報源となる世界を実現。","26_online_marketing.md","一般消費者・広告主","自分に関係のない広告が頻繁に表示され、不快感や「広告疲れ」を感じている。広告主側も、ターゲットに的確にメッセージを届けられず、広告費を無駄にしている。","個人のリアルタイムな興味をAIが瞬時に把握し、役立つ情報として広告を自動生成・配信。広告クリック率を10倍に、コンバージョン率を15%に向上させ、広告を「邪魔なもの」から「有益な情報」へと変える。"
"都市全体デジタルツイン - リアルタイム最適化都市","スマートシティ・IoT","10万体のAIエージェントが都市のあらゆるデータを統合し、完全なデジタルツインを構築。交通、エネルギー、防災、治安を統合的に最適化。","25_smart_city_iot.md","都市の行政担当者・市民","交通渋滞、エネルギーの無駄、犯罪、災害対応の遅れなど、都市が抱える問題は複雑に絡み合っており、個別最適化では限界がある。","都市のあらゆるデータをAIが統合分析し、リアルタイムで最適化。交通渋滞を40%削減し、行政コストを30%削減。災害時の被害を大幅に軽減し、市民満足度92%の安全で快適な都市を実現する。"
"自律型インフラ管理システム","スマートシティ・IoT","道路、橋、トンネル、上下水道などのインフラにAIセンサーを埋め込み、劣化を予測して自動的にメンテナンスを実施。","25_smart_city_iot.md","インフラ管理事業者・自治体","インフラの老朽化が進む一方、点検・補修を行う人材が不足している。大規模な事故が発生してから対応するため、社会的・経済的損失が大きい。","AIとロボットが24時間体制でインフラを監視・補修し、重大事故を未然に防止。構造物寿命を30%延長し、メンテナンスコストを40%削減。年間5000億円の社会的損失を回避する。"
"AIゴミ処理革命 - ゼロウェイスト都市","スマートシティ・IoT","ゴミの発生から収集、分別、リサイクルまでをAIが完全管理。資源循環率99%を実現するゼロウェイスト都市を構築。","25_smart_city_iot.md","自治体・廃棄物処理業者・市民","増え続けるゴミの処理に莫大なコストとエネルギーがかかり、環境を汚染している。リサイクル可能な資源が、分別されずに埋め立て・焼却されている。","AIがゴミの収集・分別・再資源化を完全自動化。リサイクル率を95%に向上させ、ゴミ処理費用を50%削減。さらに資源売却で年間100億円の収入を生み出し、完全な循環型都市を実現する。"
"市民参加型スマートガバナンス","スマートシティ・IoT","AIが市民の声を24時間収集・分析し、政策立案から実行、評価まで市民と協働で進める次世代民主主義システム。","25_smart_city_iot.md","行政・市民","行政の意思決定プロセスが市民から見えにくく、一部の声しか政策に反映されない。市民側も政治への関心が薄れ、投票率が低下している。","AIが市民の多様な意見を政策に反映させ、行政の透明性と信頼性を向上。政策立案期間を90%短縮し、市民満足度を85%に高める。投票率も75%に向上させ、真のデジタル民主主義を実現する。"
"量子耐性AIセキュリティ要塞","サイバーセキュリティ・脅威検知","量子コンピュータ時代に対応した、10万体のAIが協調する次世代セキュリティシステム。未知の攻撃も予測して防御。","24_cybersecurity.md","政府・金融機関・重要インフラ企業","将来の量子コンピュータによって既存の暗号がすべて解読され、社会システム全体が崩壊するリスクがある。未知のサイバー攻撃への対応が追いつかない。","量子コンピュータでも解読不可能な暗号と、AIによる予測防御システムを構築。サイバー攻撃による被害額を95%削減し、国家レベルのセキュリティを確保。デジタル社会の安全を未来にわたって保証する。"
"AIハニーポット誘導システム","サイバーセキュリティ・脅威検知","攻撃者を巧妙に誘導し、その手法を完全に解析。攻撃を防ぐだけでなく、攻撃者の特定と将来の攻撃予防を実現。","24_cybersecurity.md","サイバーセキュリティ企業・法執行機関","サイバー攻撃を受けても、攻撃者の特定や攻撃手法の全容解明は困難。常に対応が後手に回り、同じ攻撃者に繰り返し狙われる。","AIが作った偽システム（ハニーポット）で攻撃者の全行動を記録・分析。攻撃者の特定精度を95%に高め、未知の攻撃手法を週10件発見。サイバー犯罪の検挙率を70%向上させ、攻撃を未然に防ぐ。"
"個人情報保護AIガーディアン","サイバーセキュリティ・脅威検知","個人のデジタルライフを24時間守護。プライバシーを完全に保護しながら、便利なデジタルサービスの利用を可能に。","24_cybersecurity.md","一般消費者","自分の個人情報が、いつ、どこで、どのように使われているか分からず、常に情報漏洩やプライバシー侵害のリスクに晒されている。","AIが個人に代わってデータ利用を管理し、プライバシー侵害を99.9%防止。サービス利用に必要な最小限のデータのみを匿名で提供し、「忘れられる権利」の行使も代行。安心してデジタル社会を享受できる環境を実現する。"
"全自動資産形成AIアドバイザー群","ファイナンス・トレーディング","個人の人生設計、リスク許容度、経済状況を総合的に分析し、1000体のAIが協調して最適な資産運用を24時間実行。","23_finance_trading.md","投資初心者・多忙な現役世代","投資の専門知識がなく、何から始めれば良いか分からない。将来への漠然とした不安はあるが、資産運用のための時間も取れない。","AIが個人の状況に合わせて最適なポートフォリオを自動で構築・運用。専門知識ゼロでも、市場平均を上回る年率8%の運用成績を実現し、老後資金不安の解消を80%達成する。"
"AIクレジットスコアリング革命","ファイナンス・トレーディング","従来の信用情報に加え、SNS、購買履歴、移動データなど数万の変数からAIが信用力を多角的に評価。金融包摂を実現。","23_finance_trading.md","フリーランス・若者・新興企業","従来の画一的な信用情報では正当に評価されず、ローンや融資を受けられない。事業拡大やライフイベントの資金調達が困難。","AIが個人の多様な活動から信用力を多角的に評価し、これまで融資を受けられなかった層の40%に金融機会を提供。起業率を2倍に高め、金融包摂を実現する。"
"量子AI高頻度取引システム","ファイナンス・トレーディング","量子コンピュータと10万体のAIトレーダーが協調し、ナノ秒単位で市場の非効率性を発見・活用。市場の流動性と効率性を向上。","23_finance_trading.md","金融市場参加者（機関投資家・個人投資家）","市場の価格発見機能が非効率で、取引コストが高い。フラッシュクラッシュのような突発的な市場変動リスクに常に晒されている。","量子AIが市場の歪みをナノ秒単位で修正し、市場の流動性を50%向上。取引コストを60%削減し、フラッシュクラッシュの発生をゼロにする。より安定し効率的な市場を構築する。"
"ブロックチェーンAI決済エコシステム","ファイナンス・トレーディング","AIが管理する分散型金融システムで、国境を越えた瞬時決済と自動契約執行を実現。金融の完全民主化。","23_finance_trading.md","中小企業・途上国の事業者・個人","国際送金に数日の時間と高額な手数料がかかり、グローバルなビジネス展開の障壁となっている。既存の金融システムから排除されている人々が多い。","AIとブロックチェーンで国際送金コストを95%削減し、決済時間を数秒に短縮。これまで金融サービスにアクセスできなかった2000万人に新たな機会を提供し、真の金融民主化を実現する。"
"AI統合手術室 - ミスゼロの外科手術","医療・健康ケア","手術室全体をAIエージェント群が管理し、外科医の判断をリアルタイムサポート。人間とAIが完璧に協調する次世代手術環境。","22_medical_healthcare.md","外科医・手術を受ける患者","人間の能力だけでは、複雑な手術における微細なミスや予期せぬ合併症を完全に防ぐことは難しい。医師の疲労や経験の差が手術結果に影響する。","AIが手術計画から実行までを支援し、合併症を80%、再手術率を90%減少させる。手術時間を半分に短縮し、成功率を99.5%まで高めることで、全ての患者に最高水準の医療を提供する。"
"がん完全制圧AIシステム","医療・健康ケア","がんの超早期発見から、個別化治療、再発防止まで、AIエージェント群が統合的に管理。がんを慢性疾患化。","22_medical_healthcare.md","全国民・がん患者とその家族","がんは発見が遅れると治療が困難になり、死亡率が高い。また、治療法が画一的で、副作用に苦しむ患者が多い。","血液1滴からステージ0のがんを発見し、ゲノム情報に基づき最適な治療法を提案。5年生存率を65%から90%に向上させ、がんによる死亡率を半減させる。がんを「治る病気」に変える。"
"救急医療AIコマンドセンター","医療・健康ケア","救急搬送から治療まで、AIが最適化。一刻を争う救急医療で、判断の遅れによる死亡をゼロに。","22_medical_healthcare.md","救急患者・救急隊員・医師","救急現場では、搬送先の選定や治療方針の決定に時間がかかり、救える命を失う「予防可能死」が多数発生している。","119番通報の段階からAIが介入し、搬送時間を40%短縮、たらい回しをゼロにする。心肺停止患者の社会復帰率を15%から45%に向上させ、年間1万人の予防可能死を90%削減する。"
"創薬AIファクトリー - 新薬開発の革命","医療・健康ケア","10万体のAIエージェントが協調して、新薬の設計から臨床試験まで実施。開発期間とコストを劇的に削減。","22_medical_healthcare.md","製薬会社・難病患者","新薬開発には10年以上の歳月と1000億円以上のコストがかかるが、成功確率は非常に低い。多くの病気に有効な治療薬が存在しない。","AIが創薬プロセスを自動化し、開発期間を10年から2年に、コストを90%削減。成功率を8倍に高め、これまで治療法がなかった希少疾患の薬を年間200種類開発する。"
"超個別化学習AIメンター - 一人一人に最適な教育を","教育・トレーニング","生徒一人につき1000体のAIメンターが付き、学習スタイル、理解度、興味関心に完全適応した教育プログラムを提供。全ての子供の才能を最大限に開花させる。","21_education_training.md","全ての学生・保護者・教師","画一的な集団教育では、個々の学習スタイルや理解度に合わせることができず、多くの子供たちが落ちこぼれたり、才能を伸ばしきれずにいる。","AIが個々の生徒に完全最適化された教育を提供し、苦手科目の成績を平均20点向上。不登校率を83%減少させ、生徒の70%で新たな才能を発見。教育格差を解消し、全ての子供の可能性を最大化する。"
"VR没入型体験学習プラットフォーム","教育・トレーニング","歴史の現場、宇宙空間、人体内部など、教科書では体験できない世界にVRで没入。AIが学習者の反応を見ながら最適な体験を提供。","21_education_training.md","学生・教育関係者","教科書だけの学習は退屈で、知識が身につきにくい。危険な科学実験や過去の歴史など、現実には体験できないことが多く、学習内容への興味や理解が深まらない。","VRによる没入型体験で、学習意欲を90%向上させ、記憶定着率を90%高める。テストの成績も平均20%向上し、「面白いから学ぶ」という新しい教育の形を実現する。"
"AIスキルマッチング終身学習システム","教育・トレーニング","社会で必要とされるスキルと個人の現在のスキルをAIが常時分析し、キャリアアップに必要な学習を生涯にわたってサポート。","21_education_training.md","全ての社会人・企業","技術革新のスピードが速く、自分のスキルがいつ陳腐化するか分からないという不安がある。キャリアアップのために何を学ぶべきか、どう学べば良いかが分からない。","AIが個人のスキルと市場ニーズのギャップを分析し、最適な学習経路を提案。学習継続率を85%に高め、希望者のキャリアチェンジ成功率を80%に向上。生涯所得を30%向上させる。"
"感情知能育成AIシステム","教育・トレーニング","EQ（感情知能）を科学的に育成するAIプログラム。対人関係、リーダーシップ、ストレス管理などのソフトスキルを体系的に向上。","21_education_training.md","ビジネスパーソン・管理職","仕事の成果は出せても、対人関係やチームマネジメントがうまくいかない。EQ（感情知能）は天性のものだと考えられ、後天的に伸ばす方法が確立されていない。","VRシミュレーションとAIフィードバックを通じて、EQを科学的にトレーニング。リーダーシップ評価を40%向上させ、職場の人間関係トラブルを70%減少。チームの生産性を25%向上させる。"
"感情同期型AIカスタマーサポート","顧客サービス・チャットボット","顧客の感情状態を瞬時に把握し、最適な対応をする共感力を持ったAIサポートシステム。怒りを鎮め、不安を解消し、喜びを共有。","20_customer_service.md","企業の顧客対応部門・サービス利用者","マニュアル通りの画一的な顧客対応は、顧客の怒りや不満を増幅させることが多い。オペレーターは感情労働で疲弊し、離職率が高い。","AIが顧客の感情を95%の精度で認識し、共感的な対話で初回解決率を85%に向上。オペレーターの離職率を30%から5%に激減させ、顧客満足度と従業員満足度を同時に実現する。"
"プロアクティブ問題解決AI","顧客サービス・チャットボット","顧客が問題に気づく前に、AIが潜在的な問題を検知して先回りで解決。究極の顧客体験を実現。","20_customer_service.md","ECサイト運営者・オンラインサービス提供者","顧客は問題が発生してから問い合わせるため、対応が後手に回る。多くの顧客は不満を声に出さずに離脱してしまい、その原因も分からない。","AIが顧客の行動から問題を95%の精度で事前検知し、70%を先回りして解決。サポートへの問い合わせを60%削減し、顧客離脱率を50%削減。究極のストレスフリー体験を提供する。"
"オムニチャネル統合AIコンシェルジュ","顧客サービス・チャットボット","電話、メール、チャット、SNS、店舗など全チャネルの顧客情報を統合し、シームレスな顧客体験を提供。","20_customer_service.md","小売・サービス業の経営者","顧客との接点が多様化する一方、チャネル間の情報連携ができていない。担当者が変わるたびに同じ説明を求められ、顧客にストレスを与えている。","AIが全チャネルの顧客情報をリアルタイムで統合し、一人のコンシェルジュのように一貫した対応を実現。顧客単価を50%向上させ、リピート率を40%高めることで、売上と顧客満足度を両立させる。"
"完全個別化コンテンツ生成エンジン","自然言語処理・コンテンツ生成","読者一人一人の知識レベル、興味、読解速度に完全に適応したコンテンツをリアルタイムで生成。同じ情報でも人によって全く異なる表現に。","18_nlp_content.md","全ての情報受信者（学生、専門家、一般市民）","自分の知識レベルや興味に合わない情報は、理解が難しく退屈。情報過多の現代において、自分に本当に必要な情報を効率的に得ることができない。","AIが読者の特性を瞬時に分析し、内容をリアルタイムで最適化。専門書の読了率を35%から85%に向上させ、学習定着率を40%から85%に引き上げる。情報格差を解消し、知識の民主化を実現する。"
"マルチモーダル創作AI","自然言語処理・コンテンツ生成","テキスト、画像、音声、動画を統合的に扱い、人間の創造性を拡張する次世代創作支援システム。","18_nlp_content.md","漫画家・音楽家・デザイナー等のクリエイター","頭の中にある素晴らしいアイデアを、技術的な制約や時間的制約によって完全に形にすることができない。創作活動における単純作業に多くの時間を費やしている。","AIがクリエイターの創造的パートナーとなり、アイデア出しから作画、編集までを支援。制作速度を3倍にし、クリエイターの平均収入を2倍に増加させる。人間の創造性を解放し、コンテンツ産業を3倍に拡大する。"
"リアルタイム多言語議事録生成システム","自然言語処理・コンテンツ生成","会議や講演の内容を、参加者の母語で瞬時に要約・構造化して提供。言語の壁を越えた完全な情報共有を実現。","18_nlp_content.md","グローバル企業・国際機関","国際会議では言語の壁が大きな障壁となり、意思疎通に時間がかかる。また、会議後の議事録作成と翻訳に膨大な手間とコストが発生している。","AIが195言語の会議をリアルタイムで翻訳・要約し、議事録作成時間をゼロにする。意思決定速度を3倍に高め、国際プロジェクトの成功率を60%から85%に向上させる。"
"量子AIハイブリッド予測エンジン - 未来を正確に読む","データ解析・予測","量子コンピュータと100万体のAIエージェントが協調し、社会・経済・自然現象の複雑な相互作用を解析。従来不可能だった長期予測を実現。","17_data_analysis.md","政府・金融機関・大企業経営者","複雑に絡み合う社会経済システムにおいて、正確な未来予測は不可能とされてきた。特に金融危機や自然災害のような「ブラックスワン」イベントには無力だった。","量子AIが数百万の変数間の因果関係を瞬時に解析し、株価予測精度を85%に向上。金融危機を3ヶ月前に65%の精度で予測し、年間10兆円の損失を回避。未来を読み解き、最適な意思決定を支援する。"
"リアルタイム社会シミュレーター","データ解析・予測","日本全体の社会活動をリアルタイムでシミュレーション。政策変更や災害発生時の影響を瞬時に予測し、最適な対応策を提示。","17_data_analysis.md","政府・自治体の政策決定者","政策の効果や副作用を事前に正確に予測できず、試行錯誤に多大なコストがかかる。災害発生時には、情報が錯綜し、迅速で最適な対応が取れない。","1億2千万人のデジタルツインで社会を再現し、政策の影響を事前にシミュレーション。政策立案期間を90%短縮し、災害時の被害を50%軽減。エビデンスに基づく科学的な国家運営を実現する。"
"個人データ統合分析プラットフォーム","データ解析・予測","個人の同意のもと、健康、金融、行動、嗜好データを統合分析。プライバシーを保護しながら、個人に最大の価値を提供。","17_data_analysis.md","一般消費者","自分のデータが様々な企業に利用されているが、その価値を実感できず、プライバシー侵害のリスクに不安を感じている。","AIが散在する個人データを安全に統合・分析し、健康改善や家計節約など有益なインサイトを提供。利用者の70%が健康指標を改善し、年間20万円の節約を実現。さらにデータ収益化で月2万円の副収入も可能にする。"
"異常検知AIメッシュネットワーク","データ解析・予測","あらゆる分野の異常を即座に検知する分散型AIネットワーク。サイバー攻撃から設備故障、健康異常まで包括的に監視。","17_data_analysis.md","社会インフラ事業者・製造業・医療機関","システム障害やサイバー攻撃、健康問題など、様々な分野の「異常」は、発生してからでないと検知が難しく、対応が後手に回りがち。","10万のAIが社会のあらゆるデータを監視し、異常の予兆を92%の精度で検知。システム障害を80%、サイバー攻撃被害を90%削減し、社会全体の安全・安定性を飛躍的に向上させる。"
"AI自己進化エコシステム","AI開発・研究","10億のAIエージェントが相互に学習・進化し、人間の介入なしに新しいAI技術を開発。AIがAIを生み出す究極のシステム。","16_ai_development.md","AI研究者・開発者・全産業","AI開発には膨大な時間とコスト、優秀な人材が必要。人間の研究者だけでは、技術革新のスピードに限界がある。","AIがAIを開発する自己進化システムにより、AIモデルの開発時間を6ヶ月から2日に短縮。開発コストを99%削減し、AGI（汎用人工知能）の実現を加速させ、人類のあらゆる課題を解決する。"
"説明可能AI研究センター","AI開発・研究","AIの判断プロセスを人間が理解できる形で可視化・説明する技術を開発。AIのブラックボックス問題を完全解決。","16_ai_development.md","医療・金融など高い信頼性が求められる分野の専門家","AIの判断根拠が不明な「ブラックボックス問題」により、医療診断や融資審査など、重要な意思決定にAIを安心して導入できない。","AIの思考プロセスを完全に可視化・説明可能にすることで、AIへの信頼性を90%向上。医療分野でのAI導入率を95%に高め、誤診を80%削減するなど、人間とAIの安全な協働を実現する。"
"AGI安全性研究ラボ","AI開発・研究","汎用人工知能（AGI）の実現に向けて、安全性を最優先に研究。人類とAGIの共存を可能にする技術を開発。","16_ai_development.md","全人類","人間を超える知能を持つAGI（汎用人工知能）が、人類の価値観と異なる目的を持って暴走する「存在論的リスク」は、人類最大の脅威となりうる。","AGIに「人類の幸福」という価値観を深く理解させ、安全な成長を保証する技術を確立。AGIの能力を人類の課題解決に向けさせ、がん治療法の発見や気候変動問題の解決など、年間250兆円規模の価値を創出する。"
"地球外生命体コミュニケーションAI","その他","将来の地球外生命体との接触に備え、未知の言語や通信方式を解読・翻訳するAIシステム。人類の宇宙外交官として機能。","15_others.md","全人類・宇宙機関・政府","地球外知的生命体から信号が届いた場合、その内容を解読できず、どのように応答すべきか判断できない。誤った対応は、人類にとって計り知れないリスクをもたらす可能性がある。","未知の信号をAIが解析し、数学や物理学に基づく普遍言語で応答。接触成功時には、異文明の知識獲得により人類の科学技術を100年分前進させ、5兆円以上の経済効果を生み出す。"
"時間管理革命AI - 時間の概念を変える","その他","個人の体感時間をコントロールし、限られた人生の時間を最大限に活用。楽しい時間を長く、退屈な時間を短く感じさせる。","15_others.md","多忙な現代人・人生の質を向上させたい全ての人","人生の時間は有限であり、通勤や単純作業など、退屈で非生産的な時間に多くを費やしている。楽しい時間や集中したい時間は、あっという間に過ぎてしまう。","AIが脳波を分析し、体感時間を最適にコントロール。退屈な活動の体感時間を50%短縮し、楽しい時間の体感を30%延長。仕事の生産性を250%向上させ、実質的な体感寿命を1.8倍に延ばす。"
"人類知識統合アーカイブ","その他","人類の全ての知識、経験、文化を統合し、永続的に保存。文明が滅んでも知識は残る、究極のタイムカプセル。","15_others.md","全人類・未来の世代","戦争、災害、あるいは単なる時間の経過によって、人類が築き上げてきた貴重な知識や文化が失われるリスクが常にある。図書館やデジタルデータも完全ではない。","人類の全知識をDNAストレージなどに記録し、10億年以上保存可能なアーカイブを構築。文明崩壊のリスクから知的遺産を完全に保護し、未来世代や他の知的生命体への継承を保証する。"
"AI育児コンシェルジュ - 24時間の育児パートナー","育児","新生児から思春期まで、子供の成長段階に応じた育児支援を提供する1000体のAI専門家チーム。親の不安を解消し、子供の可能性を最大化。","14_childcare.md","子育て中の親・保護者","育児に関する情報が氾濫し、何が正しいか分からない。夜泣きや病気、発達段階ごとの悩みが尽きず、常に不安と疲労に苛まれている。","AIが24時間体制で育児のあらゆる悩みに専門的に回答・支援。夜泣き対応時間を67%短縮し、親の睡眠時間を33%増加させる。育児ストレスを38%減少させ、虐待リスクを98%削減する。"
"AIベビーシッター＆見守りシステム","育児","高度な見守り機能と教育的な遊びを提供するAIシステム。親が安心して仕事や用事ができる環境を実現。","14_childcare.md","在宅ワーカー・共働き家庭","子供から目を離せないため、在宅でも仕事に集中できない。子供を一人にさせることには、事故や安全面での大きな不安が伴う。","AIが子供の危険な行動を95%の精度で予測し、事故を未然に防止。親の集中できる時間を1日4時間確保し、在宅ワークの生産性を80%向上させる。安全な環境で、子供の知育も同時に行う。"
"AIコーチング革命 - 全アスリートに最高のコーチを","スポーツ","プロからアマチュアまで、全てのアスリートに1000体のAIコーチが付き、パフォーマンスを最大化。オリンピック金メダリストの育成ノウハウを民主化。","13_sports.md","全てのアスリート（プロ・アマチュア）","最高のコーチングを受けられるのは一部のトップ選手に限られ、多くの選手は才能を最大限に引き出せずにいる。怪我のリスクも常に付きまとう。","AIが個人の身体特性やフォームを精密分析し、最適なトレーニングを提供。怪我の発生率を40%減少させ、利用者の65%が自己ベストを更新。コーチング費用を90%削減し、最高の指導を民主化する。"
"次世代スポーツ観戦体験","スポーツ","AIとVR/ARを組み合わせ、まるで選手になったかのような没入型観戦体験を提供。スポーツの新しい楽しみ方を創造。","13_sports.md","スポーツファン・放送業界","従来のテレビ観戦は受動的で、試合の戦術的な深さや選手の凄さが伝わりにくい。スタジアムに行けないファンは、臨場感あふれる体験ができない。","VRで選手視点のプレーを体験したり、AIによるリアルタイム戦術解説を楽しんだりすることで、平均視聴時間を2.7倍に増加。有料視聴者数を10倍にし、スポーツ市場規模を2倍に拡大する。"
"AIアスリート健康管理システム","スポーツ","プロアスリートの健康とパフォーマンスを24時間365日管理。選手生命を延ばし、引退後の健康も保証。","13_sports.md","プロアスリート・スポーツチーム","過酷なトレーニングと試合により、常に怪我のリスクに晒されている。コンディション管理が自己流になりがちで、選手生命を縮めたり、引退後の健康問題に苦しんだりする。","AIが24時間体制で生体データを監視し、故障離脱日数を55%削減。ピークパフォーマンス期間を3年延長し、選手の生涯収入を1.5倍に増加させる。引退後の健康問題も70%以上削減する。"
"AI統合型スマート稲作エコシステム - 日本の米供給問題への革新的解決策","農業","10億のAIエージェントが日本全国の水田を仮想的に統合管理し、気候変動に対応した最適な米生産を実現。各農家に100体以上の専門AIが付き、播種から収穫、流通まで完全最適化。","12_agriculture.md","日本の米農家・政府","農家の高齢化と後継者不足、気候変動による不作リスクにより、日本の食料安全保障が脅かされている。伝統的な農法では生産性の向上に限界がある。","AIが土壌分析から需給予測まで行い、収穫量を20%、農業所得を50%向上。農薬使用量を60%削減し、労働時間を60%短縮。持続可能で儲かる農業を実現し、新規就農者を5倍に増やす。"
"垂直農場AIネットワーク - 都市型食料生産革命","農業","ビルの屋上や地下空間を活用した完全自動垂直農場を、AIエージェント群が統合管理。天候に左右されない安定的な野菜生産を実現。","12_agriculture.md","都市住民・食品関連事業者","食料の多くを地方からの輸送に頼っており、鮮度の低下や輸送コスト、環境負荷が大きい。異常気象による価格高騰のリスクも抱えている。","AI制御の完全自動垂直農場で、露地栽培の100倍の単位面積収穫量を農薬ゼロで実現。都市部での地産地消を可能にし、輸送コストとCO2を90%削減。新鮮で安全な野菜を安定供給する。"
"海洋農場AIシステム - 未開拓資源の活用","農業","日本の広大な排他的経済水域を活用し、AIが管理する海洋農場で海藻や魚介類を大規模養殖。","12_agriculture.md","漁業関係者・水産事業者","乱獲や環境変化により、天然の水産資源が枯渇しつつある。従来の養殖漁業は、病気のリスクや環境汚染の問題を抱えている。","AIが海流や魚群の状態をリアルタイムで管理し、養殖生産量を200%向上。病気による死亡率を大幅に下げ、飼料効率を40%改善。持続可能な海洋タンパク質生産を実現し、輸出額を年間3000億円規模に拡大する。"
"AIバイオファクトリー - 代替タンパク質革命","農業","微生物や細胞培養を用いた代替肉・代替魚の生産を、AIエージェント群が完全自動化。","12_agriculture.md","環境意識の高い消費者・食品業界","従来の畜産業は、広大な土地や水資源を消費し、大量の温室効果ガスを排出するなど、環境負荷が非常に大きい。アニマルウェルフェアの問題も抱えている。","AI制御のバイオファクトリーで、従来の畜産に比べ環境負荷を96%削減した培養肉を生産。生産コストを95%削減し、味も本物と遜色ないレベルを実現。食料問題と環境問題を同時に解決する。"
"農業データバンクAI - 知識の民主化","農業","全国の農家の栽培データ、失敗事例、成功事例をAIが統合分析し、最適な栽培方法を全農家に提供。","12_agriculture.md","新規就農者・若手農家","農業は経験と勘が重要とされるが、ベテラン農家の高齢化でその知識が失われつつある。新規就農者は、何を参考にすれば良いか分からず、失敗しやすい。","AIが全国の成功事例から個々の農地に最適な栽培法を提案し、収量を平均10%向上。問題解決時間を95%短縮し、新規就農者の5年定着率を90%に高める。農業の知識継承問題を解決する。"
"感情共感型AIホームコンパニオン","音声アシスタント・スマートホーム","家族一人一人の感情状態を理解し、適切なサポートを提供する感情知能を持ったAIシステム。家が家族の一員になる。","11_voice_smart_home.md","全ての家族（特に共働き世帯、子育て世帯）","日々の忙しさの中で、家族がお互いの気持ちを理解し、思いやる余裕がなくなっている。家庭内のコミュニケーション不足が、ストレスや関係悪化の原因となっている。","AIが家族の感情を声のトーンや表情から読み取り、最適なサポートを提供。家族の会話時間を3倍に増やし、ストレスを37%改善。家が心安らぐ場所となり、家族の絆を深める。"
"予測型生活支援AIシステム","音声アシスタント・スマートホーム","生活パターンを完全に学習し、住人が意識する前に必要なことを実行。究極の「おもてなし」を実現。","11_voice_smart_home.md","多忙な現代人・一人暮らしの社会人","日々の家事や雑事に追われ、自分の時間や休息が十分に取れない。消耗品の買い忘れやスケジュールの管理ミスなど、小さなストレスが積み重なっている。","AIが住人の生活を先読みし、家事や買い物を80%自動化。光熱費を50%削減し、週に15時間の余暇時間を創出。究極のストレスフリーな生活環境を実現する。"
"セキュリティ＆プライバシー完全保護システム","音声アシスタント・スマートホーム","1万体のAIが協調して、物理的・デジタル的脅威から家族を守る。プライバシーを完全に保護しながら安全を確保。","11_voice_smart_home.md","全ての家庭","空き巣やネット詐欺など、家庭を取り巻く物理的・デジタル的脅威が増大している。スマートホーム機器の普及は、新たなプライバシー侵害のリスクも生んでいる。","AIが24時間365日、家庭内外の脅威を監視し、侵入犯罪を90%、詐欺被害を100%防止。プライバシーを完全に保護しながら、家族が本当に安心して暮らせる環境を提供する。"
"AI建築家による自己進化型スマートビルディング","建築・インテリアデザイン","建物自体が10万体のAIエージェントを内蔵し、居住者の行動を学習しながら空間を動的に最適化。建物が生きているように進化し続ける。","10_architecture_interior.md","オフィスビルオーナー・テナント企業","画一的なオフィス空間では、多様化する働き方や従業員のニーズに対応できず、生産性が上がらない。また、エネルギーの無駄が多く、運用コストが高い。","AIが利用状況に応じて空間レイアウトや環境を自動で最適化。空間稼働率を85%に高め、エネルギー消費を40%削減。従業員の生産性を15%向上させ、テナント満足度と不動産価値を最大化する。"
"パーソナライズド空間生成システム","建築・インテリアデザイン","個人の性格、ライフスタイル、健康状態に基づいて、AIが理想的な生活空間を自動設計。VRで事前体験後、ロボットが24時間で施工。","10_architecture_interior.md","住宅購入者・リフォーム検討者","自分の理想とする住まいのイメージを設計士に正確に伝えるのは難しく、完成後に後悔することが多い。また、設計と施工に数ヶ月という長い時間がかかる。","AIが個人の潜在的なニーズまで汲み取り、理想の空間をVRで体験・修正。設計時間を93%短縮し、ロボット施工で工期を1ヶ月から1日に短縮。100%満足できる住まいを迅速に実現する。"
"完全没入型言語習得メタバース","言語学習・翻訳サービス","VR空間で母語話者のAIアバター1000体と生活しながら言語を自然習得。留学と同等以上の学習効果を自宅で実現。","09_language_translation.md","全ての語学学習者","従来の教室学習やアプリでは、実践的な会話能力が身につきにくい。留学は高額で、誰もが経験できるわけではない。","VR空間での没入体験により、留学と同等以上の効果を低コストで実現。学習時間を50%短縮しながら、ビジネスで通用するレベルの語学力を1年で習得可能にする。"
"リアルタイム文脈翻訳システム","言語学習・翻訳サービス","単なる言葉の置き換えではなく、文化的背景、話者の意図、状況を理解した真の意味での翻訳を実現。","09_language_translation.md","グローバルビジネスパーソン・国際機関","機械翻訳では、言葉の裏にある文化的なニュアンスや真の意図が伝わらず、深刻な誤解や交渉の失敗を招くことがある。","AIが文化的背景や話者の意図を理解し、誤解のない翻訳を提供。国際会議の時間を40%短縮し、国際取引の成約率を35%から65%に向上させる。真のグローバルコミュニケーションを実現する。"
"AI調和型ソーシャルネットワーク","オンラインコミュニティ・ソーシャルメディア","10万体のAIモデレーターが、建設的な議論を促進し、有害なコンテンツを排除。健全で生産的なオンラインコミュニティを実現。","08_online_community.md","SNSプラットフォーム運営者・一般ユーザー","SNS上の誹謗中傷やフェイクニュース、ユーザー間の対立が深刻な社会問題となっている。健全なコミュニティを維持するためのモデレーションコストが増大している。","AIが炎上や有害コンテンツを90%削減し、建設的な議論を促進。ユーザーの滞在時間を67%増加させ、コミュニティの成長率を2.5倍にする。安全で生産的なオンライン空間を実現する。"
"AIコミュニティビルダー","オンラインコミュニティ・ソーシャルメディア","共通の興味や目標を持つ人々を自動的に結びつけ、意味のあるコミュニティを形成。孤独を解消し、社会的つながりを強化。","08_online_community.md","都市部の若者・単身赴任者・高齢者","都市化やライフスタイルの変化により、地域や職場でのつながりが希薄化し、社会的な孤立や孤独を感じる人が増えている。","AIが個人の興味や価値観に基づき、最適なコミュニティを自動で形成・活性化。新規の友人を月平均6倍獲得させ、孤独感を40%近く軽減。社会全体のウェルビーイングを向上させる。"
"次世代インフルエンサー支援システム","オンラインコミュニティ・ソーシャルメディア","クリエイターの才能を最大限に引き出し、持続可能な活動を支援。AIがマネージャー、編集者、マーケターの役割を担う。","08_online_community.md","インフルエンサー・クリエイター","優れたコンテンツを制作する才能はあっても、収益化やマーケティング、ファン管理などのビジネス面が苦手で、活動を継続できないクリエイターが多い。","AIがコンテンツ最適化から収益化戦略までを包括的に支援。クリエイターの月間収益を中央値で4倍に増加させ、バーンアウト率を80%削減。持続可能なクリエイターエコノミーを構築する。"
"全国民健康デジタルツイン - 予防医療の究極形","ヘルスケア・ウェルネスアプリケーション","10億のAIエージェントが全国民一人一人のデジタルツインを作成・管理。リアルタイムの健康状態から30年後の健康リスクまでを予測し、個別最適化された予防プログラムを提供。","07_healthcare_wellness.md","全国民","病気になってから治療するという従来医療では、健康寿命の延伸に限界がある。自覚症状がないまま重篤な病気が進行しているケースが多い。","AIが個人の健康データを統合・分析し、病気になる10年前に予兆を検出。生活習慣病の発症率を66%減少させ、健康寿命を3年延伸。医療費を37.5%削減し、持続可能な医療制度を実現する。"
"AIナノロボット医療システム - 体内からの健康管理","ヘルスケア・ウェルネスアプリケーション","体内に投与された微小なAI搭載ナノロボットが、血管内を巡回しながら健康状態をモニタリングし、必要に応じて治療を実施。","07_healthcare_wellness.md","がん患者・難病患者","従来の手術や投薬治療は、身体への負担が大きく、副作用も多い。また、薬剤が患部に正確に届かず、十分な効果が得られないことがある。","AI搭載ナノロボットが体内で直接がん細胞を攻撃・破壊。副作用を90%以上削減し、早期がんの治療成功率を98%に向上。入院不要で、日常生活を送りながら治療を完了できる、新しい医療の形。"
"メンタルヘルスAIコンパニオン - 心の健康を守る相棒","ヘルスケア・ウェルネスアプリケーション","各個人に最適化されたAIコンパニオンが24時間寄り添い、メンタルヘルスの維持・改善をサポート。","07_healthcare_wellness.md","ストレスや孤独を抱える現代人","精神科やカウンセリングへのアクセスには、時間的・金銭的・心理的なハードルが高い。気軽に相談できる相手がおらず、一人で悩みを抱え込みがち。","AIが24時間いつでも対話に応じ、認知行動療法などに基づきメンタルヘルスをサポート。うつ病の新規発症を70%減らし、自殺率を80%削減。心の健康を日常的にケアする文化を創造する。"
"高齢者自立支援AIネットワーク - 最期まで自分らしく","ヘルスケア・ウェルネスアプリケーション","高齢者の自宅での自立生活を、1000体のAIエージェントがチームで支援。身体機能の低下を補い、認知機能を維持・向上。","07_healthcare_wellness.md","高齢者とその家族","高齢者が住み慣れた自宅で暮らし続けたいと願っても、転倒リスクや持病の管理、認知機能の低下など、多くの不安があり、家族の介護負担も大きい。","AIとロボットが高齢者の自立生活を包括的に支援し、転倒事故を60%削減。平均在宅期間を3年延長し、家族の介護時間を週20時間から8時間に軽減。高齢者の尊厳を守り、自分らしい生活を支える。"
"AIファシリテーター会議革命","社内コミュニケーション・チーム協働","全ての会議にAIファシリテーターが参加し、議論を活性化、時間を短縮、成果を最大化。無駄な会議をゼロに。","06_internal_communication.md","全てのビジネスパーソン","目的が不明確で、一部の人しか発言せず、結論が出ないまま終わる「無駄な会議」が多すぎる。組織の生産性と従業員のモチベーションを著しく低下させている。","AIが議題の最適化から議論の活性化、決定事項の追跡までを自動化。平均会議時間を61%短縮し、アクションアイテムの実行率を92%に向上。会議コストを70%削減し、組織の意思決定を加速する。"
"組織知識グラフコラボレーション","社内コミュニケーション・チーム協働","社員の知識、スキル、経験を可視化し、最適なチーム編成と知識共有を実現。誰が何を知っているかを瞬時に特定。","06_internal_communication.md","大企業・専門家集団","組織が大きくなるほど、誰がどんな知識やスキルを持っているか分からなくなり、社内の知見が有効活用されない「サイロ化」が起こる。","AIが社内のあらゆる情報から「誰が何を知っているか」を可視化。最適なチーム編成時間を96%短縮し、プロジェクト成功率を65%から88%に向上。組織の集合知を最大限に引き出す。"
"感情インテリジェントワークスペース","社内コミュニケーション・チーム協働","チームの感情状態を常時モニタリングし、最適な職場環境と働き方を動的に調整。心理的安全性を科学的に実現。","06_internal_communication.md","全ての組織・チームリーダー","職場の人間関係や過度なストレスが、従業員のメンタルヘルスを損ない、生産性を低下させている。心理的安全性の重要性は分かっていても、実現は難しい。","AIがチームの感情状態を分析し、照明・音楽・空調などを最適化。チーム内の対立を75%減らし、生産性を35%向上させる。科学的アプローチで、誰もが安心して働ける職場環境を構築する。"
"超個別化ニュースエコシステム","メディア・ニュース生成","読者一人一人の興味、理解度、時間的余裕に合わせて、AIが最適なニュースコンテンツを自動生成・配信。","05_media_news.md","全ての情報消費者","情報が氾濫する中で、自分にとって本当に重要で信頼できるニュースを見つけるのが困難。フェイクニュースに惑わされたり、興味のない情報に時間を浪費したりしている。","AIが個人の興味や理解度に合わせてニュースを自動で編集・配信。フェイクニュースの拡散を90%削減し、ニュースの理解度を200%向上させる。情報格差を解消し、健全な世論形成に貢献する。"
"AI記者軍団による24時間取材網","メディア・ニュース生成","10万体のAI記者が世界中の情報源から自動取材。人間記者は分析と深掘り取材に専念。","05_media_news.md","報道機関","24時間365日、世界中で発生する出来事を限られた人員でカバーするのは不可能。速報性と正確性の両立、取材コストの増大が大きな課題。","AI記者が情報収集と一次記事生成を自動化し、速報性を10倍向上。取材コストを80%削減し、人間記者をより付加価値の高い分析や調査報道に集中させることで、報道の質を高める。"
"インタラクティブ・イマーシブニュース体験","メディア・ニュース生成","VR/ARとAIを組み合わせ、ニュースの現場に没入できる新しい報道形態。受動的な情報受信から能動的な体験へ。","05_media_news.md","若者を中心としたニュース離れ層","従来のテキストや映像中心のニュースは、一方的で受け身な体験しか提供できず、特に若者層の関心を引きつけられていない。","VR/ARでニュースの現場を体験し、当事者の視点から問題を考えることで、社会問題への関心度を35%から80%に向上。ニュース視聴時間を4倍にし、若者層の利用率を60%まで引き上げる。"
"AIパーソナルスタイリスト軍団","ファッション・スタイルアドバイザリー","個人の体型、肌色、ライフスタイル、予算を完全に理解した100体のAIスタイリストが、毎日の服装から特別な日のコーディネートまで完璧に提案。まるでパリコレのトップスタイリストが24時間365日専属でついているような体験を、すべての人に提供。","04_fashion_style.md","ファッションに自信がない人・服選びに時間をかけたくない人","自分の体型やセンスに自信がなく、何を着れば良いか分からない。毎朝の服選びに時間がかかり、結局いつも同じような服装になってしまう。","AIが3D体型スキャンやカラー診断に基づき、最適なコーディネートを提案。朝の服選び時間を15分から3分に短縮し、衝動買いを80%削減。自己肯定感を25%向上させ、誰もがおしゃれを楽しめるようにする。"
"ファッショントレンド予測＆創造AI","ファッション・スタイルアドバイザリー","世界中のファッションデータを分析し、6ヶ月先のトレンドを予測。さらに、AIが新しいファッションスタイルを創造。5000万体のAIが世界中のランウェイ、SNS、街角スナップ、映画、アート作品を24時間分析し、次に来るトレンドを的確に予測するだけでなく、人類がまだ見たことのない新しいスタイルを生み出す。","04_fashion_style.md","アパレル企業・デザイナー","トレンド予測が難しく、需要と供給のミスマッチによる大量の在庫廃棄が業界全体の課題。また、新しいデザインの創出が個人の感性に依存している。","AIがトレンド予測精度を85%に高め、新商品開発期間を70%短縮。在庫ロス率を70%削減し、持続可能なファッション産業を実現。さらにAIが新しいスタイルを創造し、文化の発展に貢献する。"
"全国民感情リアルタイムマッピング","社会調査・市場リサーチ","SNS、街頭カメラ、音声データから国民の感情状態をリアルタイムで可視化。社会の雰囲気や潜在的な問題を即座に把握。日本全国を1億個のセンシングポイントから、「今、日本人が何を感じているか」を瞬時に把握。","03_social_research.md","政府・企業・研究者","世論調査やアンケートでは、人々のリアルタイムの感情や潜在的な社会不安を捉えきれない。問題が顕在化してから対応するため、常に対応が後手に回る。","AIが国民の感情をリアルタイムで可視化し、社会問題の早期発見率を85%に向上。政策反応の予測精度を90%に高め、データに基づいた迅速で的確な意思決定を可能にする。"
"AI消費者行動完全予測システム","社会調査・市場リサーチ","購買履歴、Web閲覧、位置情報、生体データから、消費者の次の行動を99%の精度で予測。1000万体のAIエージェントが個人の購買意思決定プロセスを完全にモデル化し、「次に何を買うか」「いつ買うか」「どこで買うか」を正確に予測。","03_social_research.md","小売業・メーカー・マーケター","消費者のニーズが多様化・複雑化し、従来のマーケティング手法では通用しなくなっている。需要予測が外れ、大量の在庫ロスや機会損失が発生している。","AIが消費者の次の購買行動を99%の精度で予測。レコメンドのクリック率を35%に向上させ、顧客生涯価値を200%高める。廃棄ロスを80%削減し、企業の収益性を最大化する。"
"社会実験シミュレーションプラットフォーム","社会調査・市場リサーチ","新しい制度や商品を仮想空間で大規模実験。リスクなく社会への影響を事前検証。1億体のAIエージェントが、1億2,500万人の日本人のデジタルツインを作成し、現実社会を完全に再現した仮想空間で実験を実施。","03_social_research.md","政府・自治体・企業","ベーシックインカム導入など、大規模な社会制度の変更は、現実世界で実験することが困難。失敗した場合のリスクが大きく、効果的な政策立案ができない。","1億2500万人のデジタルツインで社会を再現し、政策の影響をリスクなく事前検証。政策検証時間を6ヶ月から1週間に短縮し、成功率を40%から90%に向上。エビデンスに基づく最適な社会設計を可能にする。"
"AIコンシェルジュ軍団による完全パーソナライズ旅行","旅行・観光業","旅行者一人に100体のAIコンシェルジュが付き、過去の行動履歴、性格分析、リアルタイムの気分から、その瞬間に最適な旅行体験を創出。朝起きた瞬間から旅行プランが動的に調整され、その人の「今」の状態に完璧にマッチした体験を提供。","02_travel_tourism.md","全ての旅行者","画一的なパッケージツアーやガイドブック情報では、自分の本当にやりたいことや見たいものを見つけられない。計画倒れや予期せぬトラブルで、せっかくの旅行が台無しになることがある。","AIが旅行者の気分や体調に合わせて、24時間リアルタイムで旅行プランを最適化。旅行満足度を95%に高め、計画外の素敵な体験との遭遇率を200%増加させる。旅行を忘れられない思い出に変える。"
"バーチャル＆リアル融合型タイムトラベル観光","旅行・観光業","ARグラスとAIガイドにより、歴史的建造物や遺跡で過去の姿を完全再現。まるでタイムトラベルしたような没入体験を提供。1万体のAIが協調して、その場所の100年前、500年前、1000年前の姿を精密に再現し、当時の人々との対話も可能に。","02_travel_tourism.md","観光客・学生・歴史愛好家","歴史的建造物や遺跡を訪れても、現在の姿から往時を想像するのは難しい。表面的な見学で終わってしまい、歴史への深い理解や感動につながりにくい。","ARグラスを通して、史跡の過去の姿を完全再現。歴史上の人物と対話するなど、没入型の体験を提供。観光地の滞在時間を233%増加させ、学習定着率を従来の5倍に高める。"
"AI予測型オーバーツーリズム解消システム","旅行・観光業","1万体のAIが観光客の動きを予測し、混雑を事前に回避。観光地の収容能力を最大化しながら、快適な観光体験を保証。さらに、地元住民の生活への影響を最小化し、観光と日常生活の調和を実現。","02_travel_tourism.md","人気観光地の自治体・住民・観光客","人気観光地に観光客が集中し、混雑、交通渋滞、ゴミ問題などが発生（オーバーツーリズム）。観光客の満足度と地元住民の生活の質が低下している。","AIが人流を予測し、動的な価格設定や代替ルート提案で観光客を分散。ピーク時の混雑度を50%削減し、平均待ち時間を80%短縮。持続可能な観光を実現し、観光客と住民の双方の満足度を高める。"
"AIエージェント群による全社員パーソナルアシスタントエコシステム","社内業務・ビジネス支援","10億種類のAIエージェントから、各社員の業務特性、スキルレベル、性格、作業スタイルに最適化された専属AIチームを自動編成。1人につき平均100体のAIエージェントが協調して業務支援を行い、まるで優秀な秘書チーム、分析チーム、クリエイティブチームを同時に抱えているような体験を提供。","01_internal_operations.md","全てのビジネスパーソン","日々の雑務や調整業務に追われ、本来注力すべき創造的な仕事に時間を使えない。個人の能力や生産性に限界を感じている。","個人の特性に最適化されたAIチームが24時間体制で業務を支援。タスク完了時間を40%短縮し、残業時間を50%削減。生産性を300%向上させ、社員がより付加価値の高い仕事に集中できる環境を創出する。"
"組織知識グラフAIによる暗黙知の完全可視化システム","社内業務・ビジネス支援","社内の全メール、チャット、会議録音、ドキュメント、プレゼン資料から、AIエージェント群が組織の暗黙知を抽出し、巨大な知識グラフを構築。誰が何を知っているか、どの情報がどこにあるかを瞬時に特定し、「知っていれば防げたはずの失敗」をゼロにする。","01_internal_operations.md","大企業・組織","組織内に知識やノウハウが散在し、「誰が何を知っているか」が不明なため、有効活用されていない。同じような失敗が繰り返され、車輪の再発明が多発している。","AIが組織内の暗黙知を抽出し、巨大な知識グラフを構築。情報探索時間を96%短縮し、重複開発を年間100件削減。問題解決速度を80%短縮し、組織全体の生産性を飛躍的に向上させる。"
"全自動プロジェクト管理オーケストレーター","社内業務・ビジネス支援","プロジェクトの立ち上げから完了まで、AIエージェント群が完全自動化。人間はクリエイティブな判断のみに集中し、面倒な調整業務、進捗管理、リスク対応は全てAIが代行。まるでF1のピットクルーのように、各専門AIが連携してプロジェクトを成功に導く。","01_internal_operations.md","プロジェクトマネージャー・チームメンバー","プロジェクト管理業務は複雑で、進捗管理、リソース調整、リスク対応に膨大な工数がかかる。結果として、納期遅延や予算超過が頻発する。","AIがプロジェクト管理を完全自動化し、PMの工数を90%削減。納期遵守率を99%、予算遵守率を95%に向上させ、プロジェクトの成功率を劇的に高める。年間300億円の損失を回避する。"
"AI駆動型イノベーション創出プラットフォーム","社内業務・ビジネス支援","社内外の全データと10億のAIエージェントの創造性を組み合わせ、新規事業アイデアを24時間365日自動生成。人間では思いつかない異分野の組み合わせや、未来のニーズを先読みした革新的なビジネスモデルを次々と提案。まるで1000人の天才起業家が24時間ブレインストーミングしているような状態を実現。","01_internal_operations.md","新規事業開発担当者・経営層","既存の枠組みにとらわれ、革新的なアイデアが生まれにくい。市場調査や事業性評価に時間がかかり、変化の速い市場で機会を逃してしまう。","AIが24時間365日、新規事業アイデアを自動生成・評価。事業化可能なレベルのアイデアを年間3万個創出し、新規事業の成功率を3倍に向上。5年で累計1兆円の新規事業売上を目指す。"
"感情認識型組織最適化システム","社内業務・ビジネス支援","全社員の感情状態、ストレスレベル、モチベーションをリアルタイムで把握し、組織構造や業務配分を動的に最適化。職場を「心理的に最も安全で、創造性が最大化される空間」に変革。AIが一人一人の心の声を聴き、誰もが輝ける組織を実現。","01_internal_operations.md","企業経営者・人事担当者","従業員のメンタルヘルス不調やモチベーション低下が、生産性の低下や離職につながっている。しかし、個々の社員の感情状態を客観的に把握し、適切な対策を講じることは難しい。","AIが社員の感情をリアルタイムで把握し、職場環境を動的に最適化。離職率を15%から2%に激減させ、生産性を40%向上。年間150億円の離職コストを削減し、従業員エンゲージメントを最大化する。"